{
  "K": [
    2882904.460772163,
    0.0,
    -773139.9715161726,
    0.0,
    0.0,
    2905843.421385983,
    609486.4070607942,
    0.0,
    0.0,
    0.0,
    1.0,
    0.0,
    0.0,
    0.0,
    0.0,
    1.0
  ],
  "W2C": [
    0.9915228644912941,
    0.12984529767524153,
    -0.004754772613570869,
    285936.5351134564,
    0.12276219115571982,
    -0.9481678706725182,
    -0.2930991870459374,
    -222938.31080215238,
    -0.04256587381489253,
    0.29003083921536826,
    -0.9560702164017054,
    1064737.1970699723,
    0.0,
    0.0,
    0.0,
    1.0
  ],
  "img_size": [
    2048,
    2048
  ]
}