{
  "K": [
    2891768.3728212053,
    0.0,
    -407783.5423824972,
    0.0,
    0.0,
    2520247.7800442,
    1450045.7160713647,
    0.0,
    0.0,
    0.0,
    1.0,
    0.0,
    0.0,
    0.0,
    0.0,
    1.0
  ],
  "W2C": [
    0.9967665676526704,
    0.04799226895703185,
    0.06444495116198681,
    137514.5793381044,
    0.03788654723272446,
    -0.9879944102994743,
    0.14977200925332113,
    -559182.3983342452,
    0.07085915007038603,
    -0.14684613490776763,
    -0.9866180585788772,
    972584.7777007334,
    0.0,
    0.0,
    0.0,
    1.0
  ],
  "img_size": [
    2048,
    2048
  ]
}