{
  "K": [
    4578783.754340961,
    0.0,
    -775599.9469005788,
    0.0,
    0.0,
    4621618.678996128,
    -285582.8660677938,
    0.0,
    0.0,
    0.0,
    1.0,
    0.0,
    0.0,
    0.0,
    0.0,
    1.0
  ],
  "W2C": [
    0.998835877615736,
    0.03087003890566016,
    -0.03706656560251968,
    247623.9008481798,
    0.021369820774987933,
    -0.9720708675925297,
    -0.23371255665443355,
    90542.78390876157,
    -0.04324604430058039,
    0.23264838077207833,
    -0.971598945335205,
    1459940.2896138015,
    0.0,
    0.0,
    0.0,
    1.0
  ],
  "img_size": [
    2048,
    2048
  ]
}