{
  "K": [
    4402882.354599489,
    0.0,
    1254355.4831116125,
    0.0,
    0.0,
    4575028.06260829,
    -280984.5162410303,
    0.0,
    0.0,
    0.0,
    1.0,
    0.0,
    0.0,
    0.0,
    0.0,
    1.0
  ],
  "W2C": [
    0.9961014567481862,
    0.05408075117669306,
    0.06969332978346349,
    -416471.9944907039,
    0.044195690267895466,
    -0.9896810819888099,
    0.13630149271083963,
    90181.73355635488,
    0.07634545713980784,
    -0.13268997062937135,
    -0.9882129036136346,
    1463077.404493654,
    0.0,
    0.0,
    0.0,
    1.0
  ],
  "img_size": [
    2048,
    2048
  ]
}