{
  "K": [
    3994844.849914455,
    0.0,
    231462.7120728697,
    0.0,
    0.0,
    3991489.092534124,
    253276.5962417091,
    0.0,
    0.0,
    0.0,
    1.0,
    0.0,
    0.0,
    0.0,
    0.0,
    1.0
  ],
  "W2C": [
    0.9996645886215435,
    0.015101631469495306,
    0.0210392723990192,
    -74447.04046965063,
    0.0064875314177160835,
    -0.9325088079144591,
    0.36108895731946583,
    -81575.57610763563,
    0.025072339185339864,
    -0.36083135103385133,
    -0.9322940061583906,
    1290664.2364141773,
    0.0,
    0.0,
    0.0,
    1.0
  ],
  "img_size": [
    2048,
    2048
  ]
}